<?xml version="1.0" encoding="UTF-8"?>
<project-private xmlns="http://www.netbeans.org/ns/project-private/1">
    <editor-bookmarks xmlns="http://www.netbeans.org/ns/editor-bookmarks/2" lastBookmarkId="0"/>
    <open-files xmlns="http://www.netbeans.org/ns/projectui-open-files/2">
        <group>
            <file>file:/C:/Users/ann/Documents/NetBeansProjects/CAT2/src/Items.java</file>
            <file>file:/C:/Users/ann/Documents/NetBeansProjects/CAT2/src/ReportsF.java</file>
            <file>file:/C:/Users/ann/Documents/NetBeansProjects/CAT2/src/SellF.java</file>
            <file>file:/C:/Users/ann/Documents/NetBeansProjects/CAT2/src/Register.java</file>
            <file>file:/C:/Users/ann/Documents/NetBeansProjects/CAT2/src/Menu.java</file>
            <file>file:/C:/Users/ann/Documents/NetBeansProjects/CAT2/src/LoginF.java</file>
        </group>
    </open-files>
</project-private>
